Complexity metrics,Wed, 3 Jun 2020 18:27:59 EEST
Method,ev(G),iv(G),v(G)
"com.example.parking.ExampleInstrumentedTest.useAppContext()",1,1,1
"com.example.parking.domain.Address.Address()",1,1,1
"com.example.parking.domain.Address.Address(String,String,ZipCode)",1,1,1
"com.example.parking.domain.Address.getStreet()",1,1,1
"com.example.parking.domain.Address.getStreetNumber()",1,1,1
"com.example.parking.domain.Address.getZipCode()",1,1,1
"com.example.parking.domain.Address.setStreet(String)",1,1,1
"com.example.parking.domain.Address.setStreetNumber(String)",1,1,1
"com.example.parking.domain.Address.setZipCode(ZipCode)",1,1,1
"com.example.parking.domain.Address.toString()",1,1,1
"com.example.parking.domain.AddressTest.getStreetNumberTest()",1,1,1
"com.example.parking.domain.AddressTest.getStreetTest()",1,1,1
"com.example.parking.domain.AddressTest.getZipCodeTest()",1,1,1
"com.example.parking.domain.AddressTest.setup()",1,1,1
"com.example.parking.domain.ParkingRequest.FindParking(ArrayList<ParkingSpace>,Address,int,LocalDateTime)",1,4,4
"com.example.parking.domain.ParkingRequest.ParkingRequest()",1,1,1
"com.example.parking.domain.ParkingRequest.ParkingRequest(TimeRange,Pin,User,ParkingSpace)",1,1,1
"com.example.parking.domain.ParkingRequest.calculatePenalty()",1,2,2
"com.example.parking.domain.ParkingRequest.getDate()",1,1,1
"com.example.parking.domain.ParkingRequest.getParkingSpace()",1,1,1
"com.example.parking.domain.ParkingRequest.getPin()",1,1,1
"com.example.parking.domain.ParkingRequest.getRequestingUser()",1,1,1
"com.example.parking.domain.ParkingRequest.setDate(TimeRange)",1,1,1
"com.example.parking.domain.ParkingRequest.setParkingSpace(ParkingSpace)",1,1,1
"com.example.parking.domain.ParkingRequest.setPin(Pin)",1,1,1
"com.example.parking.domain.ParkingRequest.setRequestingUser(User)",1,1,1
"com.example.parking.domain.ParkingRequest.toString()",1,1,1
"com.example.parking.domain.ParkingRequest.validateParking(Pin)",2,2,2
"com.example.parking.domain.ParkingRequestTest.EmptyConTest()",1,1,1
"com.example.parking.domain.ParkingRequestTest.ValidateCorrectParkingTest()",1,1,1
"com.example.parking.domain.ParkingRequestTest.ValidateWrongPinParkingTest()",1,1,1
"com.example.parking.domain.ParkingRequestTest.findMultipleParking()",1,1,1
"com.example.parking.domain.ParkingRequestTest.findNoParking()",1,1,1
"com.example.parking.domain.ParkingRequestTest.findOneParking()",1,1,1
"com.example.parking.domain.ParkingRequestTest.getParkingSpace()",1,1,1
"com.example.parking.domain.ParkingRequestTest.getPin()",1,1,1
"com.example.parking.domain.ParkingRequestTest.getRequestingUser()",1,1,1
"com.example.parking.domain.ParkingRequestTest.setParkingSpace()",1,1,1
"com.example.parking.domain.ParkingRequestTest.setPin()",1,1,1
"com.example.parking.domain.ParkingRequestTest.setRequestingUser()",1,1,1
"com.example.parking.domain.ParkingRequestTest.setTimeOfExchangeTest()",1,1,1
"com.example.parking.domain.ParkingRequestTest.setup()",1,1,1
"com.example.parking.domain.ParkingRequestTest.toStringTest()",1,1,1
"com.example.parking.domain.ParkingSpace.ParkingSpace()",1,1,1
"com.example.parking.domain.ParkingSpace.ParkingSpace(Address,boolean,Credits,TimeRange,Date,User,String)",1,1,1
"com.example.parking.domain.ParkingSpace.getAddress()",1,1,1
"com.example.parking.domain.ParkingSpace.getAvailability()",1,1,1
"com.example.parking.domain.ParkingSpace.getParkedUser()",1,1,1
"com.example.parking.domain.ParkingSpace.getPlate()",1,1,1
"com.example.parking.domain.ParkingSpace.getPrice()",1,1,1
"com.example.parking.domain.ParkingSpace.getTimeOfExchange()",1,1,1
"com.example.parking.domain.ParkingSpace.getTimeRange()",1,1,1
"com.example.parking.domain.ParkingSpace.makeParkingAvailable()",1,1,1
"com.example.parking.domain.ParkingSpace.makeParkingUnavailable()",1,1,1
"com.example.parking.domain.ParkingSpace.setAddress(Address)",1,1,1
"com.example.parking.domain.ParkingSpace.setAvailability(boolean)",1,1,1
"com.example.parking.domain.ParkingSpace.setParkedUser(User)",1,1,1
"com.example.parking.domain.ParkingSpace.setPlate(String)",1,1,1
"com.example.parking.domain.ParkingSpace.setPrice(Credits)",1,2,3
"com.example.parking.domain.ParkingSpace.setTimeOfExchange(Date)",1,1,1
"com.example.parking.domain.ParkingSpace.setTimeRange(TimeRange)",1,1,1
"com.example.parking.domain.ParkingSpace.toString()",1,1,1
"com.example.parking.domain.ParkingSpaceTest.FullConTest()",1,1,1
"com.example.parking.domain.ParkingSpaceTest.getAddressTest()",1,1,1
"com.example.parking.domain.ParkingSpaceTest.getAvailabilityTest()",1,1,1
"com.example.parking.domain.ParkingSpaceTest.getParkedUserTest()",1,1,1
"com.example.parking.domain.ParkingSpaceTest.getPlateTest()",1,1,1
"com.example.parking.domain.ParkingSpaceTest.getPriceTest()",1,1,1
"com.example.parking.domain.ParkingSpaceTest.getTimeOfExchangeTest()",1,1,1
"com.example.parking.domain.ParkingSpaceTest.getTimeRangeTest()",1,1,1
"com.example.parking.domain.ParkingSpaceTest.makeParkingAvailableTest()",1,1,1
"com.example.parking.domain.ParkingSpaceTest.makeParkingUnavailableTest()",1,1,1
"com.example.parking.domain.ParkingSpaceTest.setAddressTest()",1,1,1
"com.example.parking.domain.ParkingSpaceTest.setAvailabilityTest()",1,1,1
"com.example.parking.domain.ParkingSpaceTest.setParkedUserTest()",1,1,1
"com.example.parking.domain.ParkingSpaceTest.setPlateTest()",1,1,1
"com.example.parking.domain.ParkingSpaceTest.setPriceTest()",1,1,1
"com.example.parking.domain.ParkingSpaceTest.setTimeOfExchangeTest()",1,1,1
"com.example.parking.domain.ParkingSpaceTest.setTimeRangeTest()",1,1,1
"com.example.parking.domain.ParkingSpaceTest.setup()",1,1,1
"com.example.parking.domain.ParkingSpaceTest.toStringTest()",1,1,1
"com.example.parking.domain.Rating.Rating()",1,1,1
"com.example.parking.domain.Rating.Rating(int,String,String,String)",1,1,1
"com.example.parking.domain.Rating.getComment()",1,1,1
"com.example.parking.domain.Rating.getRatedUsername()",1,1,1
"com.example.parking.domain.Rating.getRatingScore()",1,1,1
"com.example.parking.domain.Rating.getRatingUsername()",1,1,1
"com.example.parking.domain.Rating.setComment(String)",1,1,1
"com.example.parking.domain.Rating.setRatedUsername(String)",1,1,1
"com.example.parking.domain.Rating.setRatingScore(int)",1,1,1
"com.example.parking.domain.Rating.setRatingUsername(String)",1,1,1
"com.example.parking.domain.Rating.toString()",1,1,1
"com.example.parking.domain.RatingTest.FullConTest()",1,1,1
"com.example.parking.domain.RatingTest.getCommentTest()",1,1,1
"com.example.parking.domain.RatingTest.getRatingScoreTest()",1,1,1
"com.example.parking.domain.RatingTest.setup()",1,1,1
"com.example.parking.domain.User.User()",1,1,1
"com.example.parking.domain.User.User(String,String,String,String,String,String,Credits,Address,ArrayList<Rating>,ArrayList<Vehicle>)",1,1,1
"com.example.parking.domain.User.addCredits(Credits)",1,1,1
"com.example.parking.domain.User.addRating(Rating)",1,1,1
"com.example.parking.domain.User.addVehicle(Vehicle)",4,3,4
"com.example.parking.domain.User.calculateRating()",1,2,2
"com.example.parking.domain.User.getAddress()",1,1,1
"com.example.parking.domain.User.getCredits()",1,1,1
"com.example.parking.domain.User.getEmail()",1,1,1
"com.example.parking.domain.User.getName()",1,1,1
"com.example.parking.domain.User.getPassword()",1,1,1
"com.example.parking.domain.User.getPhone()",1,1,1
"com.example.parking.domain.User.getRating()",1,1,1
"com.example.parking.domain.User.getSurname()",1,1,1
"com.example.parking.domain.User.getUsername()",1,1,1
"com.example.parking.domain.User.getVehicle(String)",4,3,4
"com.example.parking.domain.User.getVehicles()",1,1,1
"com.example.parking.domain.User.removeCredits(Credits)",1,1,1
"com.example.parking.domain.User.removeRating(Rating)",1,1,1
"com.example.parking.domain.User.removeVehicle(Vehicle)",4,4,4
"com.example.parking.domain.User.setAddress(Address)",1,1,1
"com.example.parking.domain.User.setCredits(Credits)",1,1,1
"com.example.parking.domain.User.setEmail(String)",1,1,1
"com.example.parking.domain.User.setName(String)",1,1,1
"com.example.parking.domain.User.setPassword(String)",1,1,1
"com.example.parking.domain.User.setPenalty(int)",1,2,2
"com.example.parking.domain.User.setPhone(String)",1,1,1
"com.example.parking.domain.User.setRating(ArrayList<Rating>)",1,1,1
"com.example.parking.domain.User.setSurname(String)",1,1,1
"com.example.parking.domain.User.setUsername(String)",1,1,1
"com.example.parking.domain.User.setVehicles(ArrayList<Vehicle>)",1,1,1
"com.example.parking.domain.User.toString()",1,1,1
"com.example.parking.domain.UserTest.FullConTest()",1,1,1
"com.example.parking.domain.UserTest.addCreditsTest()",1,1,1
"com.example.parking.domain.UserTest.addEmptyArrayVehicleTest()",1,1,1
"com.example.parking.domain.UserTest.addRatingTest()",1,1,1
"com.example.parking.domain.UserTest.addSecondVehicleTest()",1,1,1
"com.example.parking.domain.UserTest.addVehicleTest()",1,1,1
"com.example.parking.domain.UserTest.addVehicleTestAlreadyExists()",1,1,1
"com.example.parking.domain.UserTest.calculateRatingTest()",1,1,1
"com.example.parking.domain.UserTest.getAddressTest()",1,1,1
"com.example.parking.domain.UserTest.getCreditsTest()",1,1,1
"com.example.parking.domain.UserTest.getEmailTest()",1,1,1
"com.example.parking.domain.UserTest.getNameTest()",1,1,1
"com.example.parking.domain.UserTest.getPasswordTest()",1,1,1
"com.example.parking.domain.UserTest.getPhoneTest()",1,1,1
"com.example.parking.domain.UserTest.getRatingTest()",1,1,1
"com.example.parking.domain.UserTest.getSurnameTest()",1,1,1
"com.example.parking.domain.UserTest.getUsernameTest()",1,1,1
"com.example.parking.domain.UserTest.getVehicleAndItDoesNotExistTest()",1,1,1
"com.example.parking.domain.UserTest.getVehicleAndItExistsTest()",1,1,1
"com.example.parking.domain.UserTest.getVehicleFromEmptyTest()",1,1,1
"com.example.parking.domain.UserTest.getVehiclesTest()",1,1,1
"com.example.parking.domain.UserTest.removeCreditsTest()",1,1,1
"com.example.parking.domain.UserTest.removeRatingTest()",1,1,1
"com.example.parking.domain.UserTest.removeVehicleButUserHasNoneTest()",1,1,1
"com.example.parking.domain.UserTest.removeVehicleButUserHasOnlyOneTest()",1,1,1
"com.example.parking.domain.UserTest.removeVehicleFromEmptyTest()",1,1,1
"com.example.parking.domain.UserTest.removeVehicleThatDoesNotExistTest()",1,1,1
"com.example.parking.domain.UserTest.removeVehicleThatDoesntExistTest()",1,1,1
"com.example.parking.domain.UserTest.removeVehicleThatExistsTest()",1,1,1
"com.example.parking.domain.UserTest.setCreditsTest()",1,1,1
"com.example.parking.domain.UserTest.setEmailTest()",1,1,1
"com.example.parking.domain.UserTest.setNameTest()",1,1,1
"com.example.parking.domain.UserTest.setPasswordTest()",1,1,1
"com.example.parking.domain.UserTest.setPenaltyOK()",1,1,1
"com.example.parking.domain.UserTest.setPenaltyTo0()",1,1,1
"com.example.parking.domain.UserTest.setPhoneTest()",1,1,1
"com.example.parking.domain.UserTest.setSurnameTest()",1,1,1
"com.example.parking.domain.UserTest.setUsernameTest()",1,1,1
"com.example.parking.domain.UserTest.setup()",1,1,1
"com.example.parking.domain.UserTest.toStringTest()",1,1,1
"com.example.parking.domain.Vehicle.Vehicle()",1,1,1
"com.example.parking.domain.Vehicle.Vehicle(Colour,int,String,String,String,String)",1,1,1
"com.example.parking.domain.Vehicle.getBrand()",1,1,1
"com.example.parking.domain.Vehicle.getColour()",1,1,1
"com.example.parking.domain.Vehicle.getLength()",1,1,1
"com.example.parking.domain.Vehicle.getModel()",1,1,1
"com.example.parking.domain.Vehicle.getPlate()",1,1,1
"com.example.parking.domain.Vehicle.getText()",1,1,1
"com.example.parking.domain.Vehicle.setBrand(String)",1,1,1
"com.example.parking.domain.Vehicle.setColour(Colour)",1,1,1
"com.example.parking.domain.Vehicle.setLength(int)",1,1,1
"com.example.parking.domain.Vehicle.setModel(String)",1,1,1
"com.example.parking.domain.Vehicle.setPlate(String)",6,3,8
"com.example.parking.domain.Vehicle.setText(String)",1,1,1
"com.example.parking.domain.Vehicle.toString()",1,1,1
"com.example.parking.domain.VehicleTest.FullConTest()",1,1,1
"com.example.parking.domain.VehicleTest.InvalidPlate1()",1,1,1
"com.example.parking.domain.VehicleTest.InvalidPlate2()",1,1,1
"com.example.parking.domain.VehicleTest.InvalidPlate3()",1,1,1
"com.example.parking.domain.VehicleTest.ValidPlate()",1,1,1
"com.example.parking.domain.VehicleTest.getBrand()",1,1,1
"com.example.parking.domain.VehicleTest.getLength()",1,1,1
"com.example.parking.domain.VehicleTest.getModel()",1,1,1
"com.example.parking.domain.VehicleTest.getPlate()",1,1,1
"com.example.parking.domain.VehicleTest.getText()",1,1,1
"com.example.parking.domain.VehicleTest.setup()",1,1,1
"com.example.parking.domain.VehicleTest.toStringTest()",1,1,1
"com.example.parking.memorydao.MemoryInitializer.eraseData()",1,5,5
"com.example.parking.memorydao.MemoryInitializer.getParkingDAO()",1,1,1
"com.example.parking.memorydao.MemoryInitializer.getRatingDAO()",1,1,1
"com.example.parking.memorydao.MemoryInitializer.getRequestDAO()",1,1,1
"com.example.parking.memorydao.MemoryInitializer.getUserDAO()",1,1,1
"com.example.parking.memorydao.MemoryInitializer.prepareData()",1,1,1
"com.example.parking.memorydao.ParkingRequestDAOMemory.delete(ParkingRequest)",1,1,1
"com.example.parking.memorydao.ParkingRequestDAOMemory.find(ParkingRequest)",3,2,3
"com.example.parking.memorydao.ParkingRequestDAOMemory.findAll()",1,1,1
"com.example.parking.memorydao.ParkingRequestDAOMemory.save(ParkingRequest)",1,2,2
"com.example.parking.memorydao.ParkingSpaceDAOMemory.delete(ParkingSpace)",1,1,1
"com.example.parking.memorydao.ParkingSpaceDAOMemory.find(ParkingSpace)",3,2,3
"com.example.parking.memorydao.ParkingSpaceDAOMemory.findAll()",1,1,1
"com.example.parking.memorydao.ParkingSpaceDAOMemory.findAllAvailable()",1,3,3
"com.example.parking.memorydao.ParkingSpaceDAOMemory.save(ParkingSpace)",1,2,2
"com.example.parking.memorydao.RatingDAOMemory.calculateStats(String)",2,3,4
"com.example.parking.memorydao.RatingDAOMemory.delete(Rating)",1,1,1
"com.example.parking.memorydao.RatingDAOMemory.findAll()",1,1,1
"com.example.parking.memorydao.RatingDAOMemory.findAllOfUser(String)",1,3,3
"com.example.parking.memorydao.RatingDAOMemory.save(Rating)",1,1,1
"com.example.parking.memorydao.UserDAOMemory.delete(User)",1,1,1
"com.example.parking.memorydao.UserDAOMemory.deleteVehicle(String,Vehicle)",1,5,5
"com.example.parking.memorydao.UserDAOMemory.find(String)",3,2,3
"com.example.parking.memorydao.UserDAOMemory.findAll()",1,1,1
"com.example.parking.memorydao.UserDAOMemory.findVehicle(String,String)",5,4,5
"com.example.parking.memorydao.UserDAOMemory.login(String,String)",3,2,3
"com.example.parking.memorydao.UserDAOMemory.save(User)",1,2,2
"com.example.parking.memorydao.UserDAOMemory.update(User)",1,3,3
"com.example.parking.memorydao.UserDAOMemory.updateVehicle(String,Vehicle)",5,5,5
"com.example.parking.ui.findParking.FindParking.getExpectedArrivalDateTime()",1,1,1
"com.example.parking.ui.findParking.FindParking.getUserName()",1,2,2
"com.example.parking.ui.findParking.FindParking.getZip()",1,1,1
"com.example.parking.ui.findParking.FindParking.makeToast(String)",1,1,1
"com.example.parking.ui.findParking.FindParking.onActivityResult(int,int,Intent)",1,2,2
"com.example.parking.ui.findParking.FindParking.onBackPressed()",1,1,1
"com.example.parking.ui.findParking.FindParking.onCreate(Bundle)",2,2,2
"com.example.parking.ui.findParking.FindParking.onResume()",1,3,3
"com.example.parking.ui.findParking.FindParking.setErrorToZip(String)",1,1,1
"com.example.parking.ui.findParking.FindParking.setParkingOnClickListener(Button,ParkingSpace)",1,1,1
"com.example.parking.ui.findParking.FindParking.showParkingSpace(ArrayList<ParkingSpace>)",1,2,2
"com.example.parking.ui.findParking.FindParkingPresenter.FindParkingPresenter(FindParkingView,ParkingSpaceDAO)",1,1,1
"com.example.parking.ui.findParking.FindParkingPresenter.find()",1,2,2
"com.example.parking.ui.findParking.FindParkingPresenter.validateZip()",4,4,4
"com.example.parking.ui.findParkingTest.FindParkingPresenterTest.expectedArrivalTimeValidation()",1,1,1
"com.example.parking.ui.findParkingTest.FindParkingPresenterTest.findParkingSpace()",1,1,1
"com.example.parking.ui.findParkingTest.FindParkingPresenterTest.setup()",1,1,1
"com.example.parking.ui.findParkingTest.FindParkingPresenterTest.validateZip()",1,1,1
"com.example.parking.ui.findParkingTest.FindParkingViewStub.FindParkingViewStub()",1,1,1
"com.example.parking.ui.findParkingTest.FindParkingViewStub.getExpectedArrivalDateTime()",1,1,1
"com.example.parking.ui.findParkingTest.FindParkingViewStub.getTimeRange()",1,1,1
"com.example.parking.ui.findParkingTest.FindParkingViewStub.getToast()",1,1,1
"com.example.parking.ui.findParkingTest.FindParkingViewStub.getUserName()",1,1,1
"com.example.parking.ui.findParkingTest.FindParkingViewStub.getZip()",1,1,1
"com.example.parking.ui.findParkingTest.FindParkingViewStub.makeToast(String)",1,1,1
"com.example.parking.ui.findParkingTest.FindParkingViewStub.setErrorToZip(String)",1,1,1
"com.example.parking.ui.findParkingTest.FindParkingViewStub.showParkingSpace(ArrayList<ParkingSpace>)",1,2,2
"com.example.parking.ui.homeScreenTest.HomeScreenPresenterTest.setUp()",1,1,1
"com.example.parking.ui.homeScreenTest.HomeScreenPresenterTest.testFalseRequestIntent()",1,1,1
"com.example.parking.ui.homeScreenTest.HomeScreenPresenterTest.testFalseSpaceIntent()",1,1,1
"com.example.parking.ui.homeScreenTest.HomeScreenPresenterTest.testNotificationIntent()",1,2,2
"com.example.parking.ui.homeScreenTest.HomeScreenPresenterTest.testProfileIntent()",1,2,2
"com.example.parking.ui.homeScreenTest.HomeScreenPresenterTest.testRequestIntent()",1,2,2
"com.example.parking.ui.homeScreenTest.HomeScreenPresenterTest.testSpaceIntent()",1,2,2
"com.example.parking.ui.homeScreenTest.HomeScreenPresenterViewStub.HomeScreenPresenterViewStub()",1,1,1
"com.example.parking.ui.homeScreenTest.HomeScreenPresenterViewStub.getNotificationClicks()",1,1,1
"com.example.parking.ui.homeScreenTest.HomeScreenPresenterViewStub.getProfileClicks()",1,1,1
"com.example.parking.ui.homeScreenTest.HomeScreenPresenterViewStub.getRequestClicks()",1,1,1
"com.example.parking.ui.homeScreenTest.HomeScreenPresenterViewStub.getSpaceClicks()",1,1,1
"com.example.parking.ui.homeScreenTest.HomeScreenPresenterViewStub.getToast()",1,1,1
"com.example.parking.ui.homeScreenTest.HomeScreenPresenterViewStub.getUserName()",1,1,1
"com.example.parking.ui.homeScreenTest.HomeScreenPresenterViewStub.makeToast(String)",1,1,1
"com.example.parking.ui.homeScreenTest.HomeScreenPresenterViewStub.notificationIntent()",1,1,1
"com.example.parking.ui.homeScreenTest.HomeScreenPresenterViewStub.profileIntent()",1,1,1
"com.example.parking.ui.homeScreenTest.HomeScreenPresenterViewStub.requestIntent()",1,1,1
"com.example.parking.ui.homeScreenTest.HomeScreenPresenterViewStub.setUsername(String)",1,1,1
"com.example.parking.ui.homeScreenTest.HomeScreenPresenterViewStub.spaceIntent()",1,1,1
"com.example.parking.ui.homescreen.HomeScreenActivity.getUserName()",1,2,2
"com.example.parking.ui.homescreen.HomeScreenActivity.makeToast(String)",1,1,1
"com.example.parking.ui.homescreen.HomeScreenActivity.notificationIntent()",1,1,1
"com.example.parking.ui.homescreen.HomeScreenActivity.onActivityResult(int,int,Intent)",1,3,4
"com.example.parking.ui.homescreen.HomeScreenActivity.onCreate(Bundle)",1,1,1
"com.example.parking.ui.homescreen.HomeScreenActivity.profileIntent()",1,1,1
"com.example.parking.ui.homescreen.HomeScreenActivity.requestIntent()",1,1,1
"com.example.parking.ui.homescreen.HomeScreenActivity.spaceIntent()",1,1,1
"com.example.parking.ui.homescreen.HomeScreenPresenter.HomeScreenPresenter(HomeScreenView,UserDAO)",1,1,1
"com.example.parking.ui.homescreen.HomeScreenPresenter.checkForVehicle()",1,1,1
"com.example.parking.ui.homescreen.HomeScreenPresenter.notificationIntent()",1,1,1
"com.example.parking.ui.homescreen.HomeScreenPresenter.profileIntent()",1,1,1
"com.example.parking.ui.homescreen.HomeScreenPresenter.requestIntent()",1,2,2
"com.example.parking.ui.homescreen.HomeScreenPresenter.spaceIntent()",1,2,2
"com.example.parking.ui.login.LoginPresenter.LoginPresenter(LoginView,UserDAO)",1,1,1
"com.example.parking.ui.login.LoginPresenter.forgot(String)",2,2,2
"com.example.parking.ui.login.LoginPresenter.login(String,String)",1,2,2
"com.example.parking.ui.login.LoginPresenter.signup()",1,1,1
"com.example.parking.ui.login.MainActivity.createToast(String)",1,1,1
"com.example.parking.ui.login.MainActivity.getPassword()",1,1,1
"com.example.parking.ui.login.MainActivity.getUsername()",1,1,1
"com.example.parking.ui.login.MainActivity.moveOn()",1,1,1
"com.example.parking.ui.login.MainActivity.onActivityResult(int,int,Intent)",1,2,3
"com.example.parking.ui.login.MainActivity.onCreate(Bundle)",1,1,1
"com.example.parking.ui.login.MainActivity.signup()",1,1,1
"com.example.parking.ui.loginTest.LoginPresenterTest.forgotUserDoesntExistTest()",1,1,1
"com.example.parking.ui.loginTest.LoginPresenterTest.forgotUserExistsTest()",1,1,1
"com.example.parking.ui.loginTest.LoginPresenterTest.loginUserDoesntExist()",1,1,1
"com.example.parking.ui.loginTest.LoginPresenterTest.loginUserExists()",1,1,1
"com.example.parking.ui.loginTest.LoginPresenterTest.setup()",1,1,1
"com.example.parking.ui.loginTest.LoginPresenterViewStub.LoginPresenterViewStub()",1,1,1
"com.example.parking.ui.loginTest.LoginPresenterViewStub.createToast(String)",1,1,1
"com.example.parking.ui.loginTest.LoginPresenterViewStub.getPassword()",1,1,1
"com.example.parking.ui.loginTest.LoginPresenterViewStub.getToast()",1,1,1
"com.example.parking.ui.loginTest.LoginPresenterViewStub.getUsername()",1,1,1
"com.example.parking.ui.loginTest.LoginPresenterViewStub.moveOn()",1,1,1
"com.example.parking.ui.loginTest.LoginPresenterViewStub.setPassword(String)",1,1,1
"com.example.parking.ui.loginTest.LoginPresenterViewStub.setUsername(String)",1,1,1
"com.example.parking.ui.loginTest.LoginPresenterViewStub.signup()",1,1,1
"com.example.parking.ui.newParking.NewParkingPresenter.NewParkingPresenter(NewParkingView,UserDAO,ParkingSpaceDAO)",1,1,1
"com.example.parking.ui.newParking.NewParkingPresenter.add()",1,2,2
"com.example.parking.ui.newParking.NewParkingPresenter.setPlate()",1,2,2
"com.example.parking.ui.newParking.NewParkingSpace.getBtnReferencesOfDateTime()",1,1,1
"com.example.parking.ui.newParking.NewParkingSpace.getCredits()",1,1,1
"com.example.parking.ui.newParking.NewParkingSpace.getPlate()",1,1,1
"com.example.parking.ui.newParking.NewParkingSpace.getStreet()",1,1,1
"com.example.parking.ui.newParking.NewParkingSpace.getStreetNumber()",1,1,1
"com.example.parking.ui.newParking.NewParkingSpace.getTextViewReferencesOfDateTime()",1,1,1
"com.example.parking.ui.newParking.NewParkingSpace.getTimeRange()",1,1,1
"com.example.parking.ui.newParking.NewParkingSpace.getUsername()",1,2,2
"com.example.parking.ui.newParking.NewParkingSpace.getZipCode()",1,1,1
"com.example.parking.ui.newParking.NewParkingSpace.makeToast(String)",1,1,1
"com.example.parking.ui.newParking.NewParkingSpace.onCreate(Bundle)",1,2,2
"com.example.parking.ui.newParking.NewParkingSpace.setSpinner(ArrayList<String>)",1,1,1
"com.example.parking.ui.newParking.NewParkingSpace.successfullyFinishActivity()",1,1,1
"com.example.parking.ui.newParking.NewParkingSpace.validateAddParking()",2,5,5
"com.example.parking.ui.newParking.NewParkingSpace.validateCredits()",3,3,4
"com.example.parking.ui.newParking.NewParkingSpace.validateStreet()",2,2,2
"com.example.parking.ui.newParking.NewParkingSpace.validateStreetNo()",2,2,2
"com.example.parking.ui.newParking.NewParkingSpace.validateZipCode()",3,3,3
"com.example.parking.ui.newParkingTest.NewParkingPresenterTest.setup()",1,1,1
"com.example.parking.ui.newParkingTest.NewParkingPresenterTest.validateParkingSpaceIsSaved()",1,1,1
"com.example.parking.ui.newParkingTest.NewParkingViewStub.getCredits()",1,1,1
"com.example.parking.ui.newParkingTest.NewParkingViewStub.getPlate()",1,1,1
"com.example.parking.ui.newParkingTest.NewParkingViewStub.getStreet()",1,1,1
"com.example.parking.ui.newParkingTest.NewParkingViewStub.getStreetNumber()",1,1,1
"com.example.parking.ui.newParkingTest.NewParkingViewStub.getTimeRange()",1,1,1
"com.example.parking.ui.newParkingTest.NewParkingViewStub.getToast()",1,1,1
"com.example.parking.ui.newParkingTest.NewParkingViewStub.getUsername()",1,1,1
"com.example.parking.ui.newParkingTest.NewParkingViewStub.getZipCode()",1,1,1
"com.example.parking.ui.newParkingTest.NewParkingViewStub.makeToast(String)",1,1,1
"com.example.parking.ui.newParkingTest.NewParkingViewStub.setCredits(String)",1,1,1
"com.example.parking.ui.newParkingTest.NewParkingViewStub.setPlate(String)",1,1,1
"com.example.parking.ui.newParkingTest.NewParkingViewStub.setSpinner(ArrayList<String>)",1,1,1
"com.example.parking.ui.newParkingTest.NewParkingViewStub.setStreet(String)",1,1,1
"com.example.parking.ui.newParkingTest.NewParkingViewStub.setStreetno(String)",1,1,1
"com.example.parking.ui.newParkingTest.NewParkingViewStub.setUsername(String)",1,1,1
"com.example.parking.ui.newParkingTest.NewParkingViewStub.setZip(String)",1,1,1
"com.example.parking.ui.newParkingTest.NewParkingViewStub.successfullyFinishActivity()",1,1,1
"com.example.parking.ui.notifications.Notifications.complaint(Button,ParkingRequest)",1,1,1
"com.example.parking.ui.notifications.Notifications.enterPinListener(Button,ParkingRequest)",1,3,3
"com.example.parking.ui.notifications.Notifications.getUserName()",1,2,2
"com.example.parking.ui.notifications.Notifications.makeToast(String)",1,1,1
"com.example.parking.ui.notifications.Notifications.onCreate(Bundle)",1,1,1
"com.example.parking.ui.notifications.Notifications.setApproveOrNotListener(Button,ParkingRequest)",1,1,1
"com.example.parking.ui.notifications.Notifications.showNotifications(ArrayList<ParkingRequest>,String)",1,8,8
"com.example.parking.ui.notifications.NotificationsPresenter.NotificationsPresenter(NotificationsView,ParkingRequestDAO,UserDAO)",1,4,4
"com.example.parking.ui.notifications.NotificationsPresenter.approveRequest(ParkingRequest)",1,1,1
"com.example.parking.ui.notifications.NotificationsPresenter.createRating(ParkingRequest)",1,1,1
"com.example.parking.ui.notifications.NotificationsPresenter.denyRequest(ParkingRequest)",1,1,1
"com.example.parking.ui.notifications.NotificationsPresenter.validateParking(ParkingRequest,Pin)",2,2,2
"com.example.parking.ui.notificationsTest.NotificationsPresenterTest.approveRequest()",1,1,1
"com.example.parking.ui.notificationsTest.NotificationsPresenterTest.denyRequest()",1,1,1
"com.example.parking.ui.notificationsTest.NotificationsPresenterTest.setup()",1,1,1
"com.example.parking.ui.notificationsTest.NotificationsPresenterTest.validateParking()",1,1,1
"com.example.parking.ui.notificationsTest.NotificationsViewStub.NotificationsViewStub()",1,1,1
"com.example.parking.ui.notificationsTest.NotificationsViewStub.getPinReq()",1,1,1
"com.example.parking.ui.notificationsTest.NotificationsViewStub.getToApprove()",1,1,1
"com.example.parking.ui.notificationsTest.NotificationsViewStub.getToast()",1,1,1
"com.example.parking.ui.notificationsTest.NotificationsViewStub.getUserName()",1,1,1
"com.example.parking.ui.notificationsTest.NotificationsViewStub.makeToast(String)",1,1,1
"com.example.parking.ui.notificationsTest.NotificationsViewStub.setUsername(String)",1,1,1
"com.example.parking.ui.notificationsTest.NotificationsViewStub.showNotifications(ArrayList<ParkingRequest>,String)",1,5,5
"com.example.parking.ui.showParkingSpace.ShowParkingPresenter.ShowParkingPresenter(ShowParkingView,UserDAO,ParkingSpaceDAO,ParkingRequestDAO,RatingDAO,ParkingSpace)",1,1,1
"com.example.parking.ui.showParkingSpace.ShowParkingPresenter.add(ParkingSpace)",1,1,1
"com.example.parking.ui.showParkingSpace.ShowParkingSpace.getParkedUsername()",1,1,1
"com.example.parking.ui.showParkingSpace.ShowParkingSpace.getRequestingUser()",1,2,2
"com.example.parking.ui.showParkingSpace.ShowParkingSpace.onBackPressed()",1,1,1
"com.example.parking.ui.showParkingSpace.ShowParkingSpace.onCreate(Bundle)",1,3,3
"com.example.parking.ui.showParkingSpace.ShowParkingSpace.setAddress(String)",1,1,1
"com.example.parking.ui.showParkingSpace.ShowParkingSpace.setParkedUser(String)",1,1,1
"com.example.parking.ui.showParkingSpace.ShowParkingSpace.setVehicle(String)",1,1,1
"com.example.parking.ui.showParkingSpaceTest.ShowParkingSpacePresenterTest.addTest()",1,1,1
"com.example.parking.ui.showParkingSpaceTest.ShowParkingSpacePresenterTest.setup()",1,1,1
"com.example.parking.ui.showParkingSpaceTest.ShowParkingSpaceViewStub.getParkedUsername()",1,1,1
"com.example.parking.ui.showParkingSpaceTest.ShowParkingSpaceViewStub.getRequestingUser()",1,1,1
"com.example.parking.ui.showParkingSpaceTest.ShowParkingSpaceViewStub.setAddress(String)",1,1,1
"com.example.parking.ui.showParkingSpaceTest.ShowParkingSpaceViewStub.setParkedUser(String)",1,1,1
"com.example.parking.ui.showParkingSpaceTest.ShowParkingSpaceViewStub.setVehicle(String)",1,1,1
"com.example.parking.ui.signup.SignUp.getEmail()",1,1,1
"com.example.parking.ui.signup.SignUp.getName()",1,1,1
"com.example.parking.ui.signup.SignUp.getPassword()",1,1,1
"com.example.parking.ui.signup.SignUp.getPhone()",1,1,1
"com.example.parking.ui.signup.SignUp.getStrN()",1,1,1
"com.example.parking.ui.signup.SignUp.getStreet()",1,1,1
"com.example.parking.ui.signup.SignUp.getSurname()",1,1,1
"com.example.parking.ui.signup.SignUp.getUsername()",1,1,1
"com.example.parking.ui.signup.SignUp.getZipCode()",1,1,1
"com.example.parking.ui.signup.SignUp.makeToast(String)",1,1,1
"com.example.parking.ui.signup.SignUp.onCreate(Bundle)",1,1,1
"com.example.parking.ui.signup.SignUp.setError(String,String)",2,2,10
"com.example.parking.ui.signup.SignUp.successfullyFinishActivity(String)",1,1,1
"com.example.parking.ui.signup.SignUpPresenter.SignUpPresenter(SignUpView,UserDAO)",1,1,1
"com.example.parking.ui.signup.SignUpPresenter.add()",1,10,10
"com.example.parking.ui.signup.SignUpPresenter.validateEmail()",3,3,3
"com.example.parking.ui.signup.SignUpPresenter.validateLast()",2,2,2
"com.example.parking.ui.signup.SignUpPresenter.validateName()",2,2,2
"com.example.parking.ui.signup.SignUpPresenter.validatePassword()",3,3,3
"com.example.parking.ui.signup.SignUpPresenter.validatePhone()",3,3,3
"com.example.parking.ui.signup.SignUpPresenter.validateStreet()",2,2,2
"com.example.parking.ui.signup.SignUpPresenter.validateStreetNo()",2,2,2
"com.example.parking.ui.signup.SignUpPresenter.validateUsername()",3,3,3
"com.example.parking.ui.signup.SignUpPresenter.validateZipCode()",3,3,3
"com.example.parking.ui.signupTest.SignUpPresenterTest.setup()",1,1,1
"com.example.parking.ui.signupTest.SignUpPresenterTest.testSignUp()",1,1,1
"com.example.parking.ui.signupTest.SignUpViewStub.getEmail()",1,1,1
"com.example.parking.ui.signupTest.SignUpViewStub.getError()",1,1,1
"com.example.parking.ui.signupTest.SignUpViewStub.getFinish()",1,1,1
"com.example.parking.ui.signupTest.SignUpViewStub.getName()",1,1,1
"com.example.parking.ui.signupTest.SignUpViewStub.getObjectError()",1,1,1
"com.example.parking.ui.signupTest.SignUpViewStub.getPassword()",1,1,1
"com.example.parking.ui.signupTest.SignUpViewStub.getPhone()",1,1,1
"com.example.parking.ui.signupTest.SignUpViewStub.getStrN()",1,1,1
"com.example.parking.ui.signupTest.SignUpViewStub.getStreet()",1,1,1
"com.example.parking.ui.signupTest.SignUpViewStub.getSurname()",1,1,1
"com.example.parking.ui.signupTest.SignUpViewStub.getUsername()",1,1,1
"com.example.parking.ui.signupTest.SignUpViewStub.getZipCode()",1,1,1
"com.example.parking.ui.signupTest.SignUpViewStub.makeToast(String)",1,1,1
"com.example.parking.ui.signupTest.SignUpViewStub.onCreate(Bundle)",1,1,1
"com.example.parking.ui.signupTest.SignUpViewStub.setEmail(String)",1,1,1
"com.example.parking.ui.signupTest.SignUpViewStub.setError(String,String)",1,1,1
"com.example.parking.ui.signupTest.SignUpViewStub.setName(String)",1,1,1
"com.example.parking.ui.signupTest.SignUpViewStub.setPassword(String)",1,1,1
"com.example.parking.ui.signupTest.SignUpViewStub.setPhone(String)",1,1,1
"com.example.parking.ui.signupTest.SignUpViewStub.setStreet(String)",1,1,1
"com.example.parking.ui.signupTest.SignUpViewStub.setStreetno(String)",1,1,1
"com.example.parking.ui.signupTest.SignUpViewStub.setSurname(String)",1,1,1
"com.example.parking.ui.signupTest.SignUpViewStub.setUsername(String)",1,1,1
"com.example.parking.ui.signupTest.SignUpViewStub.setZip(String)",1,1,1
"com.example.parking.ui.signupTest.SignUpViewStub.successfullyFinishActivity(String)",1,1,1
"com.example.parking.ui.viewOneVehicle.ViewOneVehicle.getBrand()",1,1,1
"com.example.parking.ui.viewOneVehicle.ViewOneVehicle.getColour()",1,1,1
"com.example.parking.ui.viewOneVehicle.ViewOneVehicle.getErrorMessage()",1,1,1
"com.example.parking.ui.viewOneVehicle.ViewOneVehicle.getErrorTitle()",1,1,1
"com.example.parking.ui.viewOneVehicle.ViewOneVehicle.getFinishMessage()",1,1,1
"com.example.parking.ui.viewOneVehicle.ViewOneVehicle.getIndex(Spinner,String)",1,2,3
"com.example.parking.ui.viewOneVehicle.ViewOneVehicle.getIntentPlate()",1,1,1
"com.example.parking.ui.viewOneVehicle.ViewOneVehicle.getIntentUsername()",1,1,1
"com.example.parking.ui.viewOneVehicle.ViewOneVehicle.getLength()",1,1,1
"com.example.parking.ui.viewOneVehicle.ViewOneVehicle.getModel()",1,1,1
"com.example.parking.ui.viewOneVehicle.ViewOneVehicle.getNames(Class<? extends Enum<?>>)",1,1,1
"com.example.parking.ui.viewOneVehicle.ViewOneVehicle.getPlate()",1,2,2
"com.example.parking.ui.viewOneVehicle.ViewOneVehicle.getPlateText()",1,1,1
"com.example.parking.ui.viewOneVehicle.ViewOneVehicle.getText()",1,1,1
"com.example.parking.ui.viewOneVehicle.ViewOneVehicle.getUserName()",1,2,2
"com.example.parking.ui.viewOneVehicle.ViewOneVehicle.onCreate(Bundle)",2,2,9
"com.example.parking.ui.viewOneVehicle.ViewOneVehicle.setBrand(String)",1,1,1
"com.example.parking.ui.viewOneVehicle.ViewOneVehicle.setColour(String)",1,1,1
"com.example.parking.ui.viewOneVehicle.ViewOneVehicle.setIntentPlate(String)",1,1,1
"com.example.parking.ui.viewOneVehicle.ViewOneVehicle.setIntentUsername(String)",1,1,1
"com.example.parking.ui.viewOneVehicle.ViewOneVehicle.setInvisibility()",1,1,1
"com.example.parking.ui.viewOneVehicle.ViewOneVehicle.setLength(int)",1,1,1
"com.example.parking.ui.viewOneVehicle.ViewOneVehicle.setLengthText(int)",1,1,1
"com.example.parking.ui.viewOneVehicle.ViewOneVehicle.setModel(String)",1,1,1
"com.example.parking.ui.viewOneVehicle.ViewOneVehicle.setPlate(String)",1,1,1
"com.example.parking.ui.viewOneVehicle.ViewOneVehicle.setSpinner()",1,1,1
"com.example.parking.ui.viewOneVehicle.ViewOneVehicle.setText(String)",1,1,1
"com.example.parking.ui.viewOneVehicle.ViewOneVehicle.showErrorMessage(String,String)",1,1,1
"com.example.parking.ui.viewOneVehicle.ViewOneVehicle.successfullyFinishActivity(String)",1,1,1
"com.example.parking.ui.viewOneVehicle.ViewOneVehiclePresenter.ViewOneVehiclePresenter(ViewOneVehicleView,UserDAO)",1,2,2
"com.example.parking.ui.viewOneVehicle.ViewOneVehiclePresenter.addVehicle()",1,1,1
"com.example.parking.ui.viewOneVehicle.ViewOneVehiclePresenter.checkPlate(String)",6,4,8
"com.example.parking.ui.viewOneVehicle.ViewOneVehiclePresenter.decide()",1,10,11
"com.example.parking.ui.viewOneVehicle.ViewOneVehiclePresenter.delete()",1,1,1
"com.example.parking.ui.viewOneVehicle.ViewOneVehiclePresenter.showInfo()",1,1,1
"com.example.parking.ui.viewOneVehicle.ViewOneVehiclePresenter.updateVehicle(String,String,String,int,String,Colour)",1,1,1
"com.example.parking.ui.viewOneVehicleTest.ViewOneVehiclePresenterTest.setup()",1,1,1
"com.example.parking.ui.viewOneVehicleTest.ViewOneVehiclePresenterTest.testAddNew()",1,1,1
"com.example.parking.ui.viewOneVehicleTest.ViewOneVehiclePresenterTest.testUpdate()",1,1,1
"com.example.parking.ui.viewOneVehicleTest.ViewOneVehicleViewStub.ViewOneVehicleViewStub()",1,1,1
"com.example.parking.ui.viewOneVehicleTest.ViewOneVehicleViewStub.getBrand()",1,1,1
"com.example.parking.ui.viewOneVehicleTest.ViewOneVehicleViewStub.getColour()",1,1,1
"com.example.parking.ui.viewOneVehicleTest.ViewOneVehicleViewStub.getErrorMessage()",1,1,1
"com.example.parking.ui.viewOneVehicleTest.ViewOneVehicleViewStub.getErrorTitle()",1,1,1
"com.example.parking.ui.viewOneVehicleTest.ViewOneVehicleViewStub.getFinishMessage()",1,1,1
"com.example.parking.ui.viewOneVehicleTest.ViewOneVehicleViewStub.getIntentPlate()",1,1,1
"com.example.parking.ui.viewOneVehicleTest.ViewOneVehicleViewStub.getIntentUsername()",1,1,1
"com.example.parking.ui.viewOneVehicleTest.ViewOneVehicleViewStub.getLength()",1,1,1
"com.example.parking.ui.viewOneVehicleTest.ViewOneVehicleViewStub.getModel()",1,1,1
"com.example.parking.ui.viewOneVehicleTest.ViewOneVehicleViewStub.getPlate()",1,1,1
"com.example.parking.ui.viewOneVehicleTest.ViewOneVehicleViewStub.getPlateText()",1,1,1
"com.example.parking.ui.viewOneVehicleTest.ViewOneVehicleViewStub.getText()",1,1,1
"com.example.parking.ui.viewOneVehicleTest.ViewOneVehicleViewStub.getUserName()",1,1,1
"com.example.parking.ui.viewOneVehicleTest.ViewOneVehicleViewStub.setBrand(String)",1,1,1
"com.example.parking.ui.viewOneVehicleTest.ViewOneVehicleViewStub.setColour(String)",1,1,1
"com.example.parking.ui.viewOneVehicleTest.ViewOneVehicleViewStub.setIntentPlate(String)",1,1,1
"com.example.parking.ui.viewOneVehicleTest.ViewOneVehicleViewStub.setIntentUsername(String)",1,1,1
"com.example.parking.ui.viewOneVehicleTest.ViewOneVehicleViewStub.setInvisibility()",1,1,1
"com.example.parking.ui.viewOneVehicleTest.ViewOneVehicleViewStub.setLength(int)",1,1,1
"com.example.parking.ui.viewOneVehicleTest.ViewOneVehicleViewStub.setModel(String)",1,1,1
"com.example.parking.ui.viewOneVehicleTest.ViewOneVehicleViewStub.setPlate(String)",1,1,1
"com.example.parking.ui.viewOneVehicleTest.ViewOneVehicleViewStub.setPresenter(ViewOneVehiclePresenter)",1,1,1
"com.example.parking.ui.viewOneVehicleTest.ViewOneVehicleViewStub.setText(String)",1,1,1
"com.example.parking.ui.viewOneVehicleTest.ViewOneVehicleViewStub.showErrorMessage(String,String)",1,1,1
"com.example.parking.ui.viewOneVehicleTest.ViewOneVehicleViewStub.successfullyFinishActivity(String)",1,1,1
"com.example.parking.ui.viewUser.UserProfile.addClickListeners()",1,1,1
"com.example.parking.ui.viewUser.UserProfile.getCredits()",1,1,1
"com.example.parking.ui.viewUser.UserProfile.getEmail()",1,1,1
"com.example.parking.ui.viewUser.UserProfile.getErrorMessage()",1,1,1
"com.example.parking.ui.viewUser.UserProfile.getErrorTitle()",1,1,1
"com.example.parking.ui.viewUser.UserProfile.getFinishMessage()",1,1,1
"com.example.parking.ui.viewUser.UserProfile.getFirstName()",1,1,1
"com.example.parking.ui.viewUser.UserProfile.getIntentUsername()",1,1,1
"com.example.parking.ui.viewUser.UserProfile.getLastName()",1,1,1
"com.example.parking.ui.viewUser.UserProfile.getPhone()",1,1,1
"com.example.parking.ui.viewUser.UserProfile.getStreet()",1,1,1
"com.example.parking.ui.viewUser.UserProfile.getStreetNo()",1,1,1
"com.example.parking.ui.viewUser.UserProfile.getUserName()",1,2,2
"com.example.parking.ui.viewUser.UserProfile.getUsername()",1,2,2
"com.example.parking.ui.viewUser.UserProfile.getZip()",1,1,1
"com.example.parking.ui.viewUser.UserProfile.onCreate(Bundle)",1,1,1
"com.example.parking.ui.viewUser.UserProfile.setCredits(int)",1,1,1
"com.example.parking.ui.viewUser.UserProfile.setEmail(String)",1,1,1
"com.example.parking.ui.viewUser.UserProfile.setFirstName(String)",1,1,1
"com.example.parking.ui.viewUser.UserProfile.setIntentUsername(String)",1,1,1
"com.example.parking.ui.viewUser.UserProfile.setLastName(String)",1,1,1
"com.example.parking.ui.viewUser.UserProfile.setPhone(String)",1,1,1
"com.example.parking.ui.viewUser.UserProfile.setStreet(String)",1,1,1
"com.example.parking.ui.viewUser.UserProfile.setStreetNo(String)",1,1,1
"com.example.parking.ui.viewUser.UserProfile.setZip(String)",1,1,1
"com.example.parking.ui.viewUser.UserProfile.showErrorMessage(String,String)",1,1,1
"com.example.parking.ui.viewUser.UserProfile.successfullyFinishActivity(String)",1,1,1
"com.example.parking.ui.viewUser.UserProfilePresenter.UserProfilePresenter(UserProfileView,UserDAO)",1,1,1
"com.example.parking.ui.viewUser.UserProfilePresenter.setFields()",1,1,1
"com.example.parking.ui.viewUser.UserProfilePresenter.update()",1,14,14
"com.example.parking.ui.viewUserTest.ViewUserPresenterTest.editUser()",1,1,1
"com.example.parking.ui.viewUserTest.ViewUserPresenterTest.setup()",1,1,1
"com.example.parking.ui.viewUserTest.ViewUserViewStub.ViewUserViewStub()",1,1,1
"com.example.parking.ui.viewUserTest.ViewUserViewStub.getCredits()",1,1,1
"com.example.parking.ui.viewUserTest.ViewUserViewStub.getEmail()",1,1,1
"com.example.parking.ui.viewUserTest.ViewUserViewStub.getErrorMessage()",1,1,1
"com.example.parking.ui.viewUserTest.ViewUserViewStub.getErrorTitle()",1,1,1
"com.example.parking.ui.viewUserTest.ViewUserViewStub.getFinishMessage()",1,1,1
"com.example.parking.ui.viewUserTest.ViewUserViewStub.getFirstName()",1,1,1
"com.example.parking.ui.viewUserTest.ViewUserViewStub.getIntentUsername()",1,1,1
"com.example.parking.ui.viewUserTest.ViewUserViewStub.getLastName()",1,1,1
"com.example.parking.ui.viewUserTest.ViewUserViewStub.getPhone()",1,1,1
"com.example.parking.ui.viewUserTest.ViewUserViewStub.getStreet()",1,1,1
"com.example.parking.ui.viewUserTest.ViewUserViewStub.getStreetNo()",1,1,1
"com.example.parking.ui.viewUserTest.ViewUserViewStub.getUsername()",1,1,1
"com.example.parking.ui.viewUserTest.ViewUserViewStub.getZip()",1,1,1
"com.example.parking.ui.viewUserTest.ViewUserViewStub.setCredits(int)",1,1,1
"com.example.parking.ui.viewUserTest.ViewUserViewStub.setEmail(String)",1,1,1
"com.example.parking.ui.viewUserTest.ViewUserViewStub.setFirstName(String)",1,1,1
"com.example.parking.ui.viewUserTest.ViewUserViewStub.setIntentUsername(String)",1,1,1
"com.example.parking.ui.viewUserTest.ViewUserViewStub.setLastName(String)",1,1,1
"com.example.parking.ui.viewUserTest.ViewUserViewStub.setPhone(String)",1,1,1
"com.example.parking.ui.viewUserTest.ViewUserViewStub.setPresenter(UserProfilePresenter)",1,1,1
"com.example.parking.ui.viewUserTest.ViewUserViewStub.setStreet(String)",1,1,1
"com.example.parking.ui.viewUserTest.ViewUserViewStub.setStreetNo(String)",1,1,1
"com.example.parking.ui.viewUserTest.ViewUserViewStub.setZip(String)",1,1,1
"com.example.parking.ui.viewUserTest.ViewUserViewStub.showErrorMessage(String,String)",1,1,1
"com.example.parking.ui.viewUserTest.ViewUserViewStub.successfullyFinishActivity(String)",1,1,1
"com.example.parking.ui.viewVehicles.ViewVehicles.getIntentUsername()",1,1,1
"com.example.parking.ui.viewVehicles.ViewVehicles.getUserName()",1,2,2
"com.example.parking.ui.viewVehicles.ViewVehicles.onActivityResult(int,int,Intent)",1,3,5
"com.example.parking.ui.viewVehicles.ViewVehicles.onCreate(Bundle)",1,1,1
"com.example.parking.ui.viewVehicles.ViewVehicles.setIntentUsername(String)",1,1,1
"com.example.parking.ui.viewVehicles.ViewVehicles.setVehicleOnClickListener(Button,Vehicle)",1,1,1
"com.example.parking.ui.viewVehicles.ViewVehicles.showVehicles(ArrayList<Vehicle>)",1,2,2
"com.example.parking.ui.viewVehicles.ViewVehicles.viewOneVehicle(Vehicle)",1,1,1
"com.example.parking.ui.viewVehicles.ViewVehiclesPresenter.ViewVehiclesPresenter(ViewVehiclesView,UserDAO)",1,1,1
"com.example.parking.ui.viewVehicles.ViewVehiclesPresenter.showVehicles()",1,1,1
"com.example.parking.ui.viewVehicles.ViewVehiclesPresenter.viewOneVehicle(Vehicle)",1,1,1
"com.example.parking.ui.viewVehiclesTest.ViewVehiclesViewStub.ViewVehiclesViewStub()",1,1,1
"com.example.parking.ui.viewVehiclesTest.ViewVehiclesViewStub.getIntentUsername()",1,1,1
"com.example.parking.ui.viewVehiclesTest.ViewVehiclesViewStub.getTimesClickedItem(int)",1,2,2
"com.example.parking.ui.viewVehiclesTest.ViewVehiclesViewStub.getUserName()",1,1,1
"com.example.parking.ui.viewVehiclesTest.ViewVehiclesViewStub.setIntentUsername(String)",1,1,1
"com.example.parking.ui.viewVehiclesTest.ViewVehiclesViewStub.setPresenter(ViewVehiclesPresenter)",1,1,1
"com.example.parking.ui.viewVehiclesTest.ViewVehiclesViewStub.showVehicles(ArrayList<Vehicle>)",1,3,3
"com.example.parking.ui.viewVehiclesTest.ViewVehiclesViewStub.viewOneVehicle(Vehicle)",3,3,4
"com.example.parking.ui.viewVehiclesTest.viewVehiclesPresenterTest.setup()",1,1,1
"com.example.parking.ui.viewVehiclesTest.viewVehiclesPresenterTest.test()",1,1,1
"com.example.parking.util.Amount.Amount()",1,1,1
"com.example.parking.util.Amount.Amount(Currency,BigDecimal)",1,1,1
"com.example.parking.util.Amount.getAmountToConvert()",1,1,1
"com.example.parking.util.Amount.getCurrency()",1,1,1
"com.example.parking.util.Amount.setAmountToConvert(BigDecimal)",1,1,1
"com.example.parking.util.Amount.setCurrency(Currency)",1,1,1
"com.example.parking.util.AmountTest.FullConTest()",1,1,1
"com.example.parking.util.AmountTest.getAmountTest()",1,1,1
"com.example.parking.util.AmountTest.getCurrencyTest()",1,1,1
"com.example.parking.util.AmountTest.setup()",1,1,1
"com.example.parking.util.Credits.Credits()",1,1,1
"com.example.parking.util.Credits.Credits(int)",1,1,1
"com.example.parking.util.Credits.addCredits(int)",1,1,1
"com.example.parking.util.Credits.getPoints()",1,1,1
"com.example.parking.util.Credits.removeCredits(int)",2,1,2
"com.example.parking.util.Credits.setPoints(int)",1,1,1
"com.example.parking.util.CreditsTest.FullConTest()",1,1,1
"com.example.parking.util.CreditsTest.addCreditsTest()",1,1,1
"com.example.parking.util.CreditsTest.removeInvalidCreditsTest()",1,1,1
"com.example.parking.util.CreditsTest.removeValidCreditsTest()",1,1,1
"com.example.parking.util.CreditsTest.setup()",1,1,1
"com.example.parking.util.Currency.Currency()",1,1,1
"com.example.parking.util.Currency.Currency(BigDecimal,CurrencyEnum)",1,1,1
"com.example.parking.util.Currency.getAmount()",1,1,1
"com.example.parking.util.Currency.getCurrency()",1,1,1
"com.example.parking.util.Currency.setAmount(BigDecimal)",1,1,1
"com.example.parking.util.Currency.setCurrency(CurrencyEnum)",1,1,1
"com.example.parking.util.Currency.toString()",1,1,1
"com.example.parking.util.CurrencyTest.FullConTest()",1,1,1
"com.example.parking.util.CurrencyTest.getAmountTest()",1,1,1
"com.example.parking.util.CurrencyTest.getCurrency()",1,1,1
"com.example.parking.util.CurrencyTest.setup()",1,1,1
"com.example.parking.util.CurrencyTest.toStringTest()",1,1,1
"com.example.parking.util.DurationSpecifier.DurationSpecifier(Button[],TextView[],Context)",1,1,1
"com.example.parking.util.DurationSpecifier.addListenerToDateTimeBtn(Button,pressedButtonType)",1,1,1
"com.example.parking.util.DurationSpecifier.getTimeRange()",1,1,1
"com.example.parking.util.DurationSpecifier.onDateSet(DatePicker,int,int,int)",1,1,1
"com.example.parking.util.DurationSpecifier.onTimeSet(TimePicker,int,int)",3,3,4
"com.example.parking.util.DurationSpecifier.updateTimeRange(LocalDateTime,LocalDateTime)",1,3,4
"com.example.parking.util.Pin.Pin()",1,1,1
"com.example.parking.util.Pin.Pin(int)",1,1,1
"com.example.parking.util.Pin.createPin()",1,1,1
"com.example.parking.util.Pin.getPin()",1,1,1
"com.example.parking.util.Pin.setPin(int)",1,1,2
"com.example.parking.util.PinTest.FullConTest()",1,1,1
"com.example.parking.util.PinTest.setCorrectPinTest()",1,1,1
"com.example.parking.util.PinTest.setIncorrectPinTest()",1,1,1
"com.example.parking.util.PinTest.setup()",1,1,1
"com.example.parking.util.TimeRange.TimeRange(LocalDateTime,LocalDateTime)",1,1,1
"com.example.parking.util.TimeRange.TimeRange(LocalDateTime,long)",1,1,1
"com.example.parking.util.TimeRange.TimeRange(long)",1,1,1
"com.example.parking.util.TimeRange.addMinutes(LocalDateTime,long)",1,1,1
"com.example.parking.util.TimeRange.containsDateTime(LocalDateTime)",1,2,2
"com.example.parking.util.TimeRange.containsRange(TimeRange)",1,2,2
"com.example.parking.util.TimeRange.getDifference()",1,1,1
"com.example.parking.util.TimeRange.getDifference(LocalDateTime,LocalDateTime)",1,1,1
"com.example.parking.util.TimeRange.getFrom()",1,1,1
"com.example.parking.util.TimeRange.getTo()",1,1,1
"com.example.parking.util.TimeRange.setFrom(LocalDateTime)",1,1,1
"com.example.parking.util.TimeRange.setTo(LocalDateTime)",1,1,1
"com.example.parking.util.TimeRange.toString()",1,1,1
"com.example.parking.util.TimeRangeTest.FullConTest()",1,1,1
"com.example.parking.util.TimeRangeTest.addMinutesTest()",1,1,1
"com.example.parking.util.TimeRangeTest.containsDateTime()",1,1,1
"com.example.parking.util.TimeRangeTest.containsRange()",1,1,1
"com.example.parking.util.TimeRangeTest.differenceTest()",1,1,1
"com.example.parking.util.TimeRangeTest.getFromTest()",1,1,1
"com.example.parking.util.TimeRangeTest.setUp()",1,1,1
"com.example.parking.util.TimeRangeTest.toStringTest()",1,1,1
"com.example.parking.util.ZipCode.ZipCode()",1,1,1
"com.example.parking.util.ZipCode.ZipCode(int)",1,1,1
"com.example.parking.util.ZipCode.equals(Object)",3,2,4
"com.example.parking.util.ZipCode.getZip()",1,1,1
"com.example.parking.util.ZipCode.setZip(int)",1,1,2
"com.example.parking.util.ZipCode.toString()",1,1,1
"com.example.parking.util.ZipCodeTest.FullConTest()",1,1,1
"com.example.parking.util.ZipCodeTest.equalsTest()",1,1,1
"com.example.parking.util.ZipCodeTest.setCorrectZipTest()",1,1,1
"com.example.parking.util.ZipCodeTest.setIncorrectZipTest()",1,1,1
"com.example.parking.util.ZipCodeTest.setup()",1,1,1
"com.example.parking.util.ZipCodeTest.toStringTest()",1,1,1

Class,OCavg,WMC
"com.example.parking.ExampleInstrumentedTest",1.00,1
"com.example.parking.domain.Address",1.00,9
"com.example.parking.domain.AddressTest",1.00,4
"com.example.parking.domain.ParkingRequest",1.36,19
"com.example.parking.domain.ParkingRequestTest",1.00,15
"com.example.parking.domain.ParkingSpace",1.05,20
"com.example.parking.domain.ParkingSpaceTest",1.00,19
"com.example.parking.domain.Rating",1.00,11
"com.example.parking.domain.RatingTest",1.00,4
"com.example.parking.domain.User",1.34,43
"com.example.parking.domain.UserTest",1.00,40
"com.example.parking.domain.Vehicle",1.33,20
"com.example.parking.domain.VehicleTest",1.00,12
"com.example.parking.memorydao.MemoryInitializer",1.67,10
"com.example.parking.memorydao.ParkingRequestDAOMemory",1.75,7
"com.example.parking.memorydao.ParkingSpaceDAOMemory",2.00,10
"com.example.parking.memorydao.RatingDAOMemory",2.00,10
"com.example.parking.memorydao.UserDAOMemory",3.11,28
"com.example.parking.ui.findParking.FindParking",1.46,19
"com.example.parking.ui.findParking.FindParkingPresenter",2.33,7
"com.example.parking.ui.findParkingTest.FindParkingPresenterTest",1.00,4
"com.example.parking.ui.findParkingTest.FindParkingViewStub",1.11,10
"com.example.parking.ui.homeScreenTest.HomeScreenPresenterTest",1.57,11
"com.example.parking.ui.homeScreenTest.HomeScreenPresenterViewStub",1.00,13
"com.example.parking.ui.homescreen.HomeScreenActivity",1.25,15
"com.example.parking.ui.homescreen.HomeScreenPresenter",1.33,8
"com.example.parking.ui.login.LoginPresenter",1.50,6
"com.example.parking.ui.login.MainActivity",1.10,11
"com.example.parking.ui.loginTest.LoginPresenterTest",1.00,5
"com.example.parking.ui.loginTest.LoginPresenterViewStub",1.00,9
"com.example.parking.ui.newParking.NewParkingPresenter",1.67,5
"com.example.parking.ui.newParking.NewParkingSpace",1.47,28
"com.example.parking.ui.newParkingTest.NewParkingPresenterTest",1.00,2
"com.example.parking.ui.newParkingTest.NewParkingViewStub",1.00,17
"com.example.parking.ui.notifications.Notifications",1.53,26
"com.example.parking.ui.notifications.NotificationsPresenter",1.60,8
"com.example.parking.ui.notificationsTest.NotificationsPresenterTest",1.00,4
"com.example.parking.ui.notificationsTest.NotificationsViewStub",1.50,12
"com.example.parking.ui.showParkingSpace.ShowParkingPresenter",1.00,2
"com.example.parking.ui.showParkingSpace.ShowParkingSpace",1.27,14
"com.example.parking.ui.showParkingSpaceTest.ShowParkingSpacePresenterTest",1.00,2
"com.example.parking.ui.showParkingSpaceTest.ShowParkingSpaceViewStub",1.00,5
"com.example.parking.ui.signup.SignUp",1.64,23
"com.example.parking.ui.signup.SignUpPresenter",2.36,26
"com.example.parking.ui.signupTest.SignUpPresenterTest",1.00,2
"com.example.parking.ui.signupTest.SignUpViewStub",1.00,25
"com.example.parking.ui.viewOneVehicle.ViewOneVehicle",1.36,45
"com.example.parking.ui.viewOneVehicle.ViewOneVehiclePresenter",2.71,19
"com.example.parking.ui.viewOneVehicleTest.ViewOneVehiclePresenterTest",1.00,3
"com.example.parking.ui.viewOneVehicleTest.ViewOneVehicleViewStub",1.00,26
"com.example.parking.ui.viewUser.UserProfile",1.07,31
"com.example.parking.ui.viewUser.UserProfilePresenter",3.67,11
"com.example.parking.ui.viewUserTest.ViewUserPresenterTest",1.00,2
"com.example.parking.ui.viewUserTest.ViewUserViewStub",1.00,26
"com.example.parking.ui.viewVehicles.ViewVehicles",1.40,14
"com.example.parking.ui.viewVehicles.ViewVehiclesPresenter",1.00,3
"com.example.parking.ui.viewVehiclesTest.ViewVehiclesViewStub",1.75,14
"com.example.parking.ui.viewVehiclesTest.viewVehiclesPresenterTest",1.00,2
"com.example.parking.util.Amount",1.00,6
"com.example.parking.util.AmountTest",1.00,4
"com.example.parking.util.Colour",n/a,0
"com.example.parking.util.Credits",1.17,7
"com.example.parking.util.CreditsTest",1.00,5
"com.example.parking.util.Currency",1.00,7
"com.example.parking.util.CurrencyEnum",n/a,0
"com.example.parking.util.CurrencyTest",1.00,5
"com.example.parking.util.DurationSpecifier",2.00,12
"com.example.parking.util.DurationSpecifier.pressedButtonType",n/a,0
"com.example.parking.util.Pin",1.20,6
"com.example.parking.util.PinTest",1.00,4
"com.example.parking.util.TimeRange",1.00,13
"com.example.parking.util.TimeRangeTest",1.00,8
"com.example.parking.util.ZipCode",1.50,9
"com.example.parking.util.ZipCodeTest",1.00,6

Package,v(G)avg,v(G)tot
"com.example.parking",1.00,1
"com.example.parking.domain",1.13,219
"com.example.parking.memorydao",2.24,65
"com.example.parking.ui.findParking",1.71,24
"com.example.parking.ui.findParkingTest",1.08,14
"com.example.parking.ui.homeScreenTest",1.20,24
"com.example.parking.ui.homescreen",1.43,20
"com.example.parking.ui.login",1.36,15
"com.example.parking.ui.loginTest",1.00,14
"com.example.parking.ui.newParking",1.71,36
"com.example.parking.ui.newParkingTest",1.00,19
"com.example.parking.ui.notifications",2.17,26
"com.example.parking.ui.notificationsTest",1.33,16
"com.example.parking.ui.showParkingSpace",1.33,12
"com.example.parking.ui.showParkingSpaceTest",1.00,7
"com.example.parking.ui.signup",2.33,56
"com.example.parking.ui.signupTest",1.00,27
"com.example.parking.ui.viewOneVehicle",1.83,66
"com.example.parking.ui.viewOneVehicleTest",1.00,29
"com.example.parking.ui.viewUser",1.50,45
"com.example.parking.ui.viewUserTest",1.00,28
"com.example.parking.ui.viewVehicles",1.55,17
"com.example.parking.ui.viewVehiclesTest",1.60,16
"com.example.parking.util",1.17,95

Module,v(G)avg,v(G)tot
"app",1.34,891

Project,v(G)avg,v(G)tot
"project",1.34,891

